{"cameraMode":{"drawMode":0,"name":"Shaded","section":"Shading Mode"},"sceneLighting":true,"audioPlay":false,"sceneViewState":{"showFog":false,"showMaterialUpdate":false,"showSkybox":false,"showFlares":false,"showImageEffects":false,"showParticleSystems":false},"in2DMode":false,"pivot":{"x":0.5085787773132324,"y":0.179630309343338,"z":0.3202444016933441},"rotation":{"x":0.2906379699707031,"y":-0.008127134293317795,"z":0.0024897719267755749,"w":0.9568123817443848},"size":3.9454164505004885,"orthographic":true}