{"cameraMode":{"drawMode":0,"name":"Shaded","section":"Shading Mode"},"sceneLighting":true,"audioPlay":false,"sceneViewState":{"showFog":false,"showMaterialUpdate":false,"showSkybox":false,"showFlares":false,"showImageEffects":false,"showParticleSystems":false},"in2DMode":false,"pivot":{"x":14.05792236328125,"y":4.809723854064941,"z":1.854382872581482},"rotation":{"x":0.31599751114845278,"y":-0.11301754415035248,"z":0.03794332221150398,"w":0.9412479996681213},"size":13.463762283325196,"orthographic":true}